personid,fk_test,answers_id,gender,age,residence,education,SIknowledge,result_id,quizSI1,quizSI2,quizSI3,quizSI4,quizSI5,quizSI6,answers_id,have_met,SIvsSystemy,feelings,EasyToFind,EasyToFindExample1,EasyToFindExample2,EasyToFindExample3,EasyToFindExample4,EasyToFindExample5,EasyToFindExample6,are_useful,fear,endangered,linkMonitoring1,linkMonitoring2,linkMonitoring3,linkMonitoring4,linkMonitoring5,linkMonitoring6,is_good,is_affecting,would_you_accept,is_helping,emotional_disorders
1,1,1,male,1,0-50k,4,TRUE,1,TRUE,TRUE,TRUE,TRUE,TRUE,TRUE,1,FALSE,TRUE,Neutr,FALSE,TRUE,FALSE,TRUE,TRUE,FALSE,TRUE,FALSE,FALSE,FALSE,TRUE,TRUE,FALSE,FALSE,TRUE,FALSE,FALSE,TRUE,FALSE,TRUE,3
2,2,2,male,1,500k+,4,TRUE,2,FALSE,TRUE,FALSE,TRUE,TRUE,TRUE,2,TRUE,TRUE,Negat,TRUE,TRUE,FALSE,TRUE,FALSE,TRUE,TRUE,FALSE,TRUE,TRUE,TRUE,FALSE,FALSE,FALSE,TRUE,FALSE,FALSE,TRUE,FALSE,IDK,1
3,3,3,male,1,500k+,5,TRUE,3,TRUE,FALSE,FALSE,TRUE,FALSE,FALSE,3,TRUE,TRUE,Pozyt,FALSE,FALSE,TRUE,FALSE,TRUE,TRUE,TRUE,IDK,TRUE,FALSE,TRUE,FALSE,FALSE,TRUE,FALSE,FALSE,FALSE,TRUE,FALSE,FALSE,1
4,4,4,male,1,500k+,4,TRUE,4,FALSE,TRUE,TRUE,TRUE,TRUE,FALSE,4,TRUE,TRUE,Negat,FALSE,FALSE,FALSE,TRUE,TRUE,FALSE,TRUE,FALSE,TRUE,TRUE,TRUE,TRUE,FALSE,FALSE,TRUE,TRUE,FALSE,TRUE,TRUE,IDK,2
5,5,5,male,1,500k+,2,TRUE,5,FALSE,TRUE,FALSE,FALSE,FALSE,FALSE,5,TRUE,TRUE,Negat,FALSE,FALSE,FALSE,TRUE,TRUE,FALSE,TRUE,FALSE,TRUE,TRUE,TRUE,FALSE,FALSE,FALSE,FALSE,FALSE,TRUE,TRUE,FALSE,IDK,2
6,6,6,female,1,500k+,4,TRUE,6,TRUE,TRUE,FALSE,FALSE,TRUE,FALSE,6,TRUE,TRUE,Negat,TRUE,TRUE,TRUE,TRUE,TRUE,TRUE,TRUE,TRUE,TRUE,TRUE,TRUE,TRUE,FALSE,FALSE,TRUE,TRUE,TRUE,TRUE,FALSE,TRUE,3
7,7,7,male,1,0,4,TRUE,7,TRUE,TRUE,TRUE,TRUE,TRUE,TRUE,7,TRUE,TRUE,Neutr,TRUE,TRUE,FALSE,TRUE,TRUE,FALSE,FALSE,IDK,TRUE,TRUE,TRUE,TRUE,TRUE,TRUE,TRUE,TRUE,FALSE,TRUE,FALSE,TRUE,3
8,8,8,male,1,0,4,TRUE,8,FALSE,TRUE,TRUE,TRUE,TRUE,FALSE,8,TRUE,TRUE,Neutr,FALSE,TRUE,FALSE,FALSE,TRUE,TRUE,TRUE,TRUE,FALSE,TRUE,TRUE,FALSE,FALSE,TRUE,TRUE,TRUE,TRUE,TRUE,TRUE,TRUE,2
9,9,9,male,1,500k+,4,TRUE,9,TRUE,TRUE,FALSE,TRUE,TRUE,TRUE,9,TRUE,FALSE,Neutr,FALSE,FALSE,FALSE,FALSE,TRUE,FALSE,TRUE,IDK,FALSE,FALSE,TRUE,TRUE,FALSE,TRUE,TRUE,FALSE,FALSE,TRUE,FALSE,IDK,2
10,10,10,male,1,500k+,2,TRUE,10,FALSE,FALSE,FALSE,FALSE,FALSE,TRUE,10,TRUE,TRUE,Neutr,FALSE,FALSE,FALSE,FALSE,FALSE,FALSE,TRUE,IDK,FALSE,TRUE,FALSE,FALSE,TRUE,FALSE,FALSE,FALSE,TRUE,TRUE,FALSE,TRUE,2
11,11,11,male,1,500k+,4,TRUE,11,FALSE,TRUE,FALSE,FALSE,FALSE,FALSE,11,TRUE,TRUE,Pozyt,FALSE,TRUE,FALSE,FALSE,TRUE,TRUE,TRUE,IDK,TRUE,TRUE,TRUE,TRUE,FALSE,FALSE,TRUE,TRUE,FALSE,TRUE,FALSE,IDK,2
12,12,12,male,1,500k+,4,TRUE,12,TRUE,TRUE,FALSE,FALSE,TRUE,FALSE,12,TRUE,TRUE,Negat,FALSE,TRUE,FALSE,TRUE,FALSE,FALSE,TRUE,FALSE,TRUE,TRUE,TRUE,TRUE,FALSE,TRUE,FALSE,TRUE,FALSE,TRUE,FALSE,IDK,3
13,13,13,male,1,500k+,4,TRUE,13,TRUE,TRUE,FALSE,FALSE,FALSE,FALSE,13,TRUE,FALSE,Neutr,FALSE,TRUE,FALSE,TRUE,FALSE,FALSE,TRUE,TRUE,FALSE,FALSE,TRUE,TRUE,FALSE,TRUE,FALSE,FALSE,FALSE,FALSE,TRUE,IDK,1
14,14,14,female,1,500k+,4,TRUE,14,TRUE,TRUE,FALSE,FALSE,FALSE,FALSE,14,TRUE,FALSE,Negat,TRUE,FALSE,FALSE,TRUE,TRUE,TRUE,TRUE,IDK,TRUE,TRUE,TRUE,FALSE,TRUE,FALSE,FALSE,TRUE,FALSE,TRUE,FALSE,IDK,2
15,15,15,male,1,500k+,4,TRUE,15,FALSE,TRUE,TRUE,FALSE,FALSE,FALSE,15,TRUE,TRUE,Neutr,TRUE,FALSE,TRUE,FALSE,TRUE,TRUE,TRUE,FALSE,TRUE,TRUE,TRUE,FALSE,FALSE,TRUE,TRUE,TRUE,FALSE,TRUE,FALSE,TRUE,3
16,16,16,male,1,0,4,TRUE,16,FALSE,TRUE,TRUE,TRUE,FALSE,FALSE,16,TRUE,TRUE,Neutr,FALSE,FALSE,TRUE,FALSE,TRUE,TRUE,FALSE,TRUE,FALSE,TRUE,TRUE,TRUE,FALSE,FALSE,TRUE,TRUE,TRUE,TRUE,TRUE,TRUE,3
17,17,17,female,1,50-100k,4,TRUE,17,TRUE,TRUE,TRUE,TRUE,TRUE,FALSE,17,TRUE,TRUE,Neutr,FALSE,TRUE,FALSE,TRUE,TRUE,TRUE,FALSE,IDK,FALSE,FALSE,TRUE,TRUE,FALSE,FALSE,FALSE,TRUE,FALSE,TRUE,FALSE,TRUE,3
18,18,18,male,1,500k+,4,TRUE,18,FALSE,TRUE,TRUE,TRUE,TRUE,FALSE,18,FALSE,TRUE,Pozyt,TRUE,FALSE,FALSE,FALSE,TRUE,TRUE,FALSE,TRUE,FALSE,FALSE,TRUE,TRUE,FALSE,FALSE,TRUE,FALSE,FALSE,TRUE,FALSE,IDK,2
19,19,19,male,1,50-100k,4,TRUE,19,TRUE,FALSE,FALSE,TRUE,FALSE,FALSE,19,TRUE,TRUE,Negat,FALSE,TRUE,FALSE,TRUE,TRUE,TRUE,TRUE,FALSE,FALSE,FALSE,TRUE,TRUE,FALSE,FALSE,TRUE,TRUE,FALSE,TRUE,FALSE,IDK,1
20,20,20,female,1,500k+,4,TRUE,20,FALSE,FALSE,TRUE,TRUE,TRUE,FALSE,20,FALSE,TRUE,Neutr,FALSE,FALSE,FALSE,FALSE,TRUE,TRUE,TRUE,IDK,FALSE,FALSE,TRUE,FALSE,FALSE,FALSE,FALSE,FALSE,FALSE,TRUE,FALSE,IDK,2
21,21,21,male,1,100-500k,2,TRUE,21,TRUE,TRUE,FALSE,FALSE,FALSE,FALSE,21,TRUE,TRUE,Pozyt,FALSE,TRUE,TRUE,FALSE,TRUE,TRUE,TRUE,TRUE,FALSE,TRUE,TRUE,TRUE,TRUE,FALSE,FALSE,FALSE,FALSE,TRUE,FALSE,TRUE,2
22,22,22,female,1,100-500k,4,TRUE,22,FALSE,TRUE,FALSE,FALSE,TRUE,FALSE,22,FALSE,TRUE,Neutr,FALSE,TRUE,FALSE,FALSE,TRUE,TRUE,TRUE,IDK,FALSE,FALSE,TRUE,FALSE,FALSE,TRUE,FALSE,FALSE,FALSE,TRUE,FALSE,TRUE,3
23,23,23,male,1,500k+,4,TRUE,23,FALSE,TRUE,FALSE,FALSE,TRUE,FALSE,23,TRUE,TRUE,Negat,FALSE,FALSE,FALSE,TRUE,FALSE,FALSE,FALSE,FALSE,FALSE,TRUE,FALSE,FALSE,FALSE,FALSE,FALSE,TRUE,FALSE,TRUE,FALSE,TRUE,0
24,24,24,male,1,100-500k,4,TRUE,24,FALSE,TRUE,TRUE,TRUE,FALSE,FALSE,24,TRUE,TRUE,Neutr,FALSE,TRUE,FALSE,TRUE,FALSE,TRUE,TRUE,FALSE,TRUE,TRUE,TRUE,TRUE,TRUE,FALSE,TRUE,FALSE,TRUE,TRUE,TRUE,TRUE,3
25,25,25,male,1,0-50k,4,TRUE,25,FALSE,TRUE,TRUE,TRUE,FALSE,FALSE,25,FALSE,TRUE,Neutr,FALSE,TRUE,FALSE,FALSE,TRUE,TRUE,TRUE,FALSE,TRUE,TRUE,TRUE,TRUE,TRUE,FALSE,TRUE,FALSE,FALSE,TRUE,FALSE,IDK,1
26,26,26,female,1,500k+,4,TRUE,26,FALSE,TRUE,FALSE,TRUE,TRUE,FALSE,26,FALSE,TRUE,Neutr,FALSE,FALSE,FALSE,FALSE,TRUE,FALSE,TRUE,IDK,FALSE,FALSE,TRUE,TRUE,FALSE,TRUE,TRUE,FALSE,FALSE,TRUE,FALSE,TRUE,2
27,27,27,female,1,0-50k,4,TRUE,27,FALSE,TRUE,FALSE,TRUE,TRUE,TRUE,27,TRUE,FALSE,Negat,FALSE,FALSE,FALSE,TRUE,TRUE,TRUE,FALSE,FALSE,TRUE,TRUE,TRUE,TRUE,FALSE,TRUE,TRUE,FALSE,FALSE,TRUE,FALSE,FALSE,1
28,28,28,female,1,500k+,2,TRUE,28,FALSE,TRUE,FALSE,TRUE,TRUE,FALSE,28,TRUE,TRUE,Pozyt,TRUE,TRUE,TRUE,FALSE,TRUE,TRUE,TRUE,TRUE,TRUE,TRUE,TRUE,FALSE,FALSE,FALSE,TRUE,TRUE,FALSE,TRUE,TRUE,TRUE,3
29,29,29,female,1,0-50k,4,TRUE,29,FALSE,TRUE,FALSE,FALSE,FALSE,FALSE,29,TRUE,TRUE,Pozyt,FALSE,FALSE,FALSE,TRUE,FALSE,FALSE,FALSE,TRUE,FALSE,FALSE,TRUE,FALSE,FALSE,FALSE,FALSE,FALSE,FALSE,TRUE,FALSE,TRUE,2
30,30,30,male,1,0,4,TRUE,30,FALSE,TRUE,TRUE,TRUE,FALSE,FALSE,30,FALSE,TRUE,Neutr,FALSE,TRUE,TRUE,FALSE,FALSE,FALSE,TRUE,IDK,FALSE,FALSE,TRUE,TRUE,TRUE,FALSE,FALSE,FALSE,TRUE,FALSE,TRUE,TRUE,2
31,31,31,female,1,500k+,4,TRUE,31,FALSE,TRUE,FALSE,FALSE,FALSE,FALSE,31,TRUE,TRUE,Pozyt,TRUE,FALSE,FALSE,FALSE,TRUE,TRUE,TRUE,IDK,FALSE,TRUE,TRUE,TRUE,TRUE,FALSE,TRUE,FALSE,TRUE,FALSE,FALSE,TRUE,3
32,32,32,male,1,100-500k,4,TRUE,32,FALSE,TRUE,TRUE,TRUE,TRUE,TRUE,32,TRUE,TRUE,Negat,FALSE,FALSE,FALSE,FALSE,TRUE,TRUE,FALSE,FALSE,TRUE,TRUE,TRUE,FALSE,FALSE,FALSE,TRUE,FALSE,FALSE,TRUE,FALSE,TRUE,3
33,33,33,male,1,0-50k,4,TRUE,33,FALSE,TRUE,FALSE,TRUE,FALSE,TRUE,33,TRUE,TRUE,Negat,TRUE,TRUE,FALSE,TRUE,TRUE,TRUE,FALSE,IDK,TRUE,TRUE,TRUE,TRUE,TRUE,TRUE,TRUE,TRUE,FALSE,TRUE,FALSE,TRUE,1
34,34,34,male,1,500k+,4,TRUE,34,FALSE,TRUE,TRUE,FALSE,FALSE,FALSE,34,TRUE,TRUE,Neutr,TRUE,FALSE,FALSE,FALSE,TRUE,TRUE,TRUE,FALSE,TRUE,TRUE,TRUE,TRUE,FALSE,TRUE,TRUE,FALSE,FALSE,FALSE,FALSE,FALSE,2
35,35,35,male,1,0-50k,4,TRUE,35,FALSE,FALSE,TRUE,TRUE,FALSE,FALSE,35,TRUE,TRUE,Pozyt,FALSE,TRUE,FALSE,TRUE,FALSE,FALSE,TRUE,IDK,FALSE,TRUE,TRUE,TRUE,FALSE,FALSE,FALSE,TRUE,FALSE,TRUE,FALSE,TRUE,2
36,36,36,female,1,500k+,4,TRUE,36,FALSE,TRUE,TRUE,TRUE,FALSE,FALSE,36,FALSE,TRUE,Neutr,FALSE,FALSE,FALSE,FALSE,TRUE,FALSE,TRUE,TRUE,FALSE,FALSE,TRUE,TRUE,FALSE,FALSE,FALSE,FALSE,FALSE,TRUE,FALSE,TRUE,2
37,37,37,male,1,500k+,2,TRUE,37,FALSE,TRUE,TRUE,TRUE,TRUE,TRUE,37,FALSE,TRUE,Neutr,FALSE,FALSE,FALSE,FALSE,TRUE,TRUE,TRUE,IDK,TRUE,TRUE,TRUE,FALSE,FALSE,FALSE,FALSE,FALSE,FALSE,TRUE,FALSE,IDK,1
38,38,38,female,1,500k+,4,TRUE,38,FALSE,TRUE,FALSE,FALSE,FALSE,FALSE,38,FALSE,TRUE,Neutr,FALSE,TRUE,FALSE,TRUE,FALSE,FALSE,TRUE,IDK,TRUE,TRUE,TRUE,FALSE,FALSE,TRUE,FALSE,FALSE,FALSE,FALSE,FALSE,IDK,2
39,39,39,male,1,500k+,2,TRUE,39,FALSE,FALSE,TRUE,TRUE,FALSE,FALSE,39,TRUE,TRUE,Neutr,TRUE,FALSE,TRUE,TRUE,TRUE,TRUE,TRUE,FALSE,TRUE,TRUE,TRUE,TRUE,TRUE,FALSE,TRUE,TRUE,FALSE,TRUE,FALSE,FALSE,1
40,40,40,male,1,0,4,FALSE,40,FALSE,FALSE,FALSE,FALSE,FALSE,FALSE,40,FALSE,FALSE,Neutr,TRUE,FALSE,FALSE,FALSE,TRUE,TRUE,TRUE,IDK,TRUE,TRUE,TRUE,FALSE,FALSE,FALSE,FALSE,FALSE,FALSE,TRUE,FALSE,IDK,2
41,41,41,male,2,500k+,5,TRUE,41,FALSE,TRUE,TRUE,TRUE,FALSE,TRUE,41,TRUE,TRUE,Pozyt,FALSE,TRUE,TRUE,TRUE,TRUE,TRUE,TRUE,TRUE,TRUE,FALSE,TRUE,TRUE,FALSE,TRUE,TRUE,TRUE,TRUE,FALSE,TRUE,TRUE,3
42,42,42,female,1,500k+,4,TRUE,42,FALSE,TRUE,TRUE,TRUE,TRUE,FALSE,42,TRUE,TRUE,Pozyt,TRUE,TRUE,FALSE,TRUE,TRUE,TRUE,TRUE,FALSE,TRUE,TRUE,TRUE,FALSE,TRUE,TRUE,FALSE,FALSE,FALSE,TRUE,FALSE,IDK,1
43,43,43,female,1,100-500k,4,TRUE,43,TRUE,TRUE,FALSE,TRUE,FALSE,FALSE,43,TRUE,TRUE,Neutr,TRUE,FALSE,TRUE,FALSE,TRUE,TRUE,FALSE,IDK,TRUE,TRUE,TRUE,TRUE,FALSE,FALSE,FALSE,FALSE,FALSE,TRUE,FALSE,TRUE,2
44,44,44,male,1,0-50k,4,TRUE,44,FALSE,TRUE,FALSE,FALSE,FALSE,FALSE,44,TRUE,TRUE,Neutr,FALSE,FALSE,FALSE,TRUE,FALSE,FALSE,FALSE,IDK,TRUE,TRUE,FALSE,FALSE,FALSE,FALSE,FALSE,TRUE,FALSE,TRUE,TRUE,IDK,1
45,45,45,male,1,500k+,4,TRUE,45,FALSE,TRUE,FALSE,FALSE,FALSE,FALSE,45,FALSE,TRUE,Pozyt,FALSE,FALSE,FALSE,FALSE,FALSE,FALSE,TRUE,FALSE,TRUE,FALSE,TRUE,FALSE,FALSE,FALSE,FALSE,FALSE,FALSE,TRUE,FALSE,TRUE,3
46,46,46,female,1,0-50k,4,TRUE,46,FALSE,TRUE,FALSE,TRUE,TRUE,FALSE,46,FALSE,TRUE,Neutr,FALSE,TRUE,FALSE,FALSE,FALSE,FALSE,FALSE,IDK,TRUE,TRUE,TRUE,FALSE,FALSE,FALSE,FALSE,FALSE,FALSE,TRUE,FALSE,IDK,2
47,47,47,female,0,500k+,0,TRUE,47,FALSE,TRUE,TRUE,FALSE,TRUE,FALSE,47,TRUE,TRUE,Neutr,FALSE,TRUE,FALSE,FALSE,TRUE,TRUE,FALSE,IDK,FALSE,FALSE,TRUE,TRUE,FALSE,FALSE,FALSE,FALSE,FALSE,TRUE,TRUE,TRUE,3
48,48,48,female,0,500k+,0,TRUE,48,FALSE,TRUE,TRUE,FALSE,TRUE,FALSE,48,TRUE,TRUE,Neutr,FALSE,TRUE,FALSE,FALSE,TRUE,TRUE,FALSE,IDK,FALSE,FALSE,TRUE,TRUE,FALSE,FALSE,FALSE,FALSE,FALSE,TRUE,TRUE,TRUE,3
49,49,49,male,1,100-500k,4,TRUE,49,FALSE,FALSE,FALSE,TRUE,FALSE,FALSE,49,FALSE,TRUE,Pozyt,FALSE,TRUE,FALSE,FALSE,FALSE,FALSE,FALSE,IDK,FALSE,FALSE,FALSE,TRUE,FALSE,FALSE,FALSE,FALSE,FALSE,FALSE,TRUE,IDK,0
50,50,50,male,1,0-50k,2,TRUE,50,FALSE,TRUE,FALSE,FALSE,FALSE,FALSE,50,TRUE,TRUE,Neutr,FALSE,FALSE,FALSE,FALSE,TRUE,FALSE,TRUE,FALSE,FALSE,TRUE,TRUE,TRUE,FALSE,FALSE,FALSE,FALSE,FALSE,TRUE,FALSE,TRUE,2
51,51,51,female,1,500k+,4,TRUE,51,FALSE,FALSE,FALSE,TRUE,FALSE,FALSE,51,TRUE,TRUE,Neutr,FALSE,FALSE,FALSE,TRUE,FALSE,FALSE,FALSE,FALSE,TRUE,TRUE,TRUE,FALSE,FALSE,FALSE,FALSE,FALSE,TRUE,TRUE,TRUE,TRUE,3
52,52,52,female,1,500k+,5,TRUE,52,FALSE,TRUE,FALSE,FALSE,TRUE,TRUE,52,TRUE,FALSE,Neutr,FALSE,FALSE,FALSE,FALSE,TRUE,TRUE,TRUE,IDK,TRUE,TRUE,TRUE,FALSE,FALSE,FALSE,FALSE,TRUE,TRUE,TRUE,FALSE,IDK,3
53,53,53,female,1,100-500k,4,TRUE,53,FALSE,TRUE,FALSE,FALSE,TRUE,TRUE,53,TRUE,FALSE,Negat,FALSE,TRUE,FALSE,FALSE,TRUE,FALSE,TRUE,IDK,TRUE,TRUE,TRUE,TRUE,FALSE,TRUE,FALSE,FALSE,FALSE,TRUE,FALSE,IDK,1
54,54,54,male,1,500k+,4,TRUE,54,FALSE,TRUE,FALSE,FALSE,FALSE,FALSE,54,TRUE,TRUE,Negat,FALSE,FALSE,TRUE,TRUE,TRUE,TRUE,TRUE,FALSE,TRUE,TRUE,TRUE,TRUE,FALSE,FALSE,TRUE,FALSE,FALSE,FALSE,FALSE,FALSE,1
55,55,55,male,1,500k+,4,TRUE,55,FALSE,TRUE,FALSE,FALSE,TRUE,FALSE,55,TRUE,TRUE,Pozyt,FALSE,TRUE,TRUE,FALSE,FALSE,TRUE,FALSE,TRUE,FALSE,FALSE,TRUE,FALSE,FALSE,FALSE,FALSE,FALSE,TRUE,FALSE,TRUE,TRUE,4
56,56,56,male,1,500k+,4,TRUE,56,FALSE,TRUE,TRUE,TRUE,FALSE,TRUE,56,FALSE,TRUE,Pozyt,TRUE,FALSE,TRUE,FALSE,TRUE,FALSE,TRUE,TRUE,TRUE,TRUE,TRUE,TRUE,FALSE,FALSE,FALSE,TRUE,FALSE,TRUE,FALSE,IDK,1
57,57,57,male,1,100-500k,2,TRUE,57,FALSE,TRUE,FALSE,FALSE,TRUE,TRUE,57,FALSE,FALSE,Neutr,FALSE,FALSE,FALSE,FALSE,TRUE,FALSE,TRUE,TRUE,TRUE,TRUE,TRUE,TRUE,FALSE,FALSE,FALSE,TRUE,FALSE,TRUE,FALSE,IDK,3
58,58,58,male,1,500k+,2,TRUE,58,FALSE,TRUE,TRUE,TRUE,TRUE,TRUE,58,TRUE,TRUE,Neutr,TRUE,FALSE,TRUE,TRUE,TRUE,TRUE,TRUE,TRUE,FALSE,TRUE,TRUE,TRUE,FALSE,TRUE,FALSE,TRUE,TRUE,FALSE,TRUE,TRUE,2
59,59,59,female,1,500k+,4,TRUE,59,FALSE,TRUE,TRUE,FALSE,FALSE,TRUE,59,TRUE,TRUE,Neutr,FALSE,FALSE,FALSE,FALSE,TRUE,TRUE,TRUE,IDK,FALSE,TRUE,TRUE,FALSE,TRUE,TRUE,FALSE,FALSE,FALSE,TRUE,FALSE,IDK,2
60,60,60,male,1,50-100k,4,TRUE,60,FALSE,TRUE,FALSE,FALSE,FALSE,FALSE,60,TRUE,TRUE,Neutr,TRUE,TRUE,FALSE,FALSE,FALSE,FALSE,FALSE,FALSE,FALSE,TRUE,TRUE,FALSE,FALSE,FALSE,FALSE,FALSE,FALSE,TRUE,TRUE,IDK,1
61,61,61,male,1,50-100k,4,TRUE,61,FALSE,TRUE,FALSE,FALSE,FALSE,FALSE,61,TRUE,TRUE,Neutr,TRUE,TRUE,FALSE,FALSE,FALSE,FALSE,FALSE,FALSE,FALSE,TRUE,TRUE,FALSE,FALSE,FALSE,FALSE,FALSE,FALSE,TRUE,TRUE,IDK,1
62,62,62,female,1,500k+,4,TRUE,62,FALSE,TRUE,TRUE,TRUE,FALSE,FALSE,62,FALSE,TRUE,Neutr,FALSE,TRUE,TRUE,FALSE,TRUE,FALSE,TRUE,TRUE,FALSE,FALSE,TRUE,FALSE,FALSE,TRUE,TRUE,TRUE,FALSE,TRUE,FALSE,TRUE,3
63,63,63,male,1,500k+,5,TRUE,63,FALSE,TRUE,FALSE,TRUE,FALSE,TRUE,63,FALSE,TRUE,Neutr,FALSE,FALSE,TRUE,FALSE,TRUE,FALSE,TRUE,FALSE,FALSE,FALSE,TRUE,TRUE,TRUE,FALSE,FALSE,FALSE,FALSE,TRUE,TRUE,IDK,1
64,64,64,female,1,100-500k,4,TRUE,64,FALSE,TRUE,FALSE,FALSE,FALSE,FALSE,64,FALSE,TRUE,Neutr,FALSE,FALSE,FALSE,FALSE,TRUE,TRUE,FALSE,IDK,TRUE,FALSE,TRUE,FALSE,FALSE,FALSE,FALSE,TRUE,FALSE,TRUE,FALSE,IDK,2
65,65,65,male,1,500k+,2,TRUE,65,FALSE,TRUE,TRUE,FALSE,TRUE,TRUE,65,TRUE,FALSE,Neutr,FALSE,FALSE,FALSE,FALSE,TRUE,FALSE,TRUE,IDK,FALSE,FALSE,TRUE,FALSE,FALSE,TRUE,TRUE,TRUE,FALSE,TRUE,FALSE,FALSE,1
66,66,66,female,1,500k+,4,TRUE,66,FALSE,TRUE,FALSE,FALSE,FALSE,TRUE,66,FALSE,TRUE,Neutr,FALSE,TRUE,FALSE,FALSE,TRUE,TRUE,FALSE,IDK,FALSE,FALSE,TRUE,TRUE,TRUE,TRUE,TRUE,FALSE,TRUE,FALSE,FALSE,IDK,2
67,67,67,male,1,100-500k,4,TRUE,67,TRUE,TRUE,FALSE,FALSE,FALSE,FALSE,67,TRUE,TRUE,Neutr,TRUE,TRUE,FALSE,TRUE,TRUE,FALSE,TRUE,FALSE,TRUE,TRUE,TRUE,TRUE,FALSE,FALSE,FALSE,FALSE,FALSE,TRUE,FALSE,TRUE,3
68,68,68,female,1,0,4,TRUE,68,FALSE,TRUE,TRUE,TRUE,TRUE,TRUE,68,TRUE,TRUE,Pozyt,TRUE,FALSE,TRUE,FALSE,FALSE,FALSE,TRUE,TRUE,FALSE,FALSE,TRUE,TRUE,FALSE,FALSE,FALSE,FALSE,FALSE,TRUE,FALSE,IDK,3
69,69,69,female,1,500k+,2,FALSE,69,FALSE,FALSE,FALSE,FALSE,FALSE,FALSE,69,TRUE,TRUE,Neutr,FALSE,TRUE,FALSE,FALSE,TRUE,FALSE,FALSE,TRUE,FALSE,FALSE,TRUE,FALSE,FALSE,TRUE,FALSE,FALSE,FALSE,TRUE,FALSE,IDK,2
70,70,70,female,1,0,2,TRUE,70,FALSE,TRUE,TRUE,TRUE,TRUE,FALSE,70,FALSE,TRUE,Pozyt,FALSE,FALSE,FALSE,FALSE,FALSE,FALSE,TRUE,TRUE,FALSE,TRUE,TRUE,FALSE,FALSE,FALSE,FALSE,FALSE,FALSE,TRUE,FALSE,TRUE,3
71,71,71,female,0,0,0,TRUE,71,TRUE,TRUE,TRUE,FALSE,FALSE,TRUE,71,TRUE,TRUE,Neutr,FALSE,TRUE,FALSE,TRUE,TRUE,TRUE,FALSE,FALSE,TRUE,TRUE,TRUE,TRUE,FALSE,FALSE,TRUE,TRUE,FALSE,TRUE,FALSE,FALSE,1
72,72,72,male,1,500k+,2,TRUE,72,FALSE,TRUE,FALSE,TRUE,FALSE,TRUE,72,TRUE,TRUE,Negat,FALSE,TRUE,FALSE,TRUE,FALSE,FALSE,TRUE,FALSE,TRUE,TRUE,TRUE,TRUE,FALSE,TRUE,FALSE,FALSE,FALSE,TRUE,FALSE,IDK,1
73,73,73,male,1,500k+,4,TRUE,73,FALSE,FALSE,TRUE,TRUE,FALSE,FALSE,73,TRUE,TRUE,Negat,TRUE,FALSE,TRUE,FALSE,TRUE,TRUE,FALSE,FALSE,TRUE,TRUE,TRUE,FALSE,TRUE,TRUE,FALSE,TRUE,TRUE,TRUE,FALSE,FALSE,0
74,74,74,male,1,500k+,4,TRUE,74,FALSE,FALSE,TRUE,TRUE,FALSE,FALSE,74,TRUE,TRUE,Negat,TRUE,FALSE,TRUE,FALSE,TRUE,TRUE,FALSE,FALSE,TRUE,TRUE,TRUE,FALSE,TRUE,TRUE,FALSE,TRUE,TRUE,TRUE,FALSE,FALSE,0
75,75,75,female,0,100-500k,2,TRUE,75,FALSE,TRUE,FALSE,FALSE,FALSE,FALSE,75,FALSE,TRUE,Pozyt,FALSE,TRUE,FALSE,FALSE,TRUE,TRUE,TRUE,IDK,TRUE,TRUE,TRUE,FALSE,TRUE,FALSE,FALSE,TRUE,FALSE,TRUE,FALSE,IDK,1
76,76,76,male,1,0,2,TRUE,76,FALSE,TRUE,FALSE,FALSE,FALSE,FALSE,76,TRUE,TRUE,Neutr,FALSE,FALSE,FALSE,FALSE,TRUE,TRUE,TRUE,TRUE,FALSE,FALSE,TRUE,TRUE,FALSE,FALSE,FALSE,TRUE,FALSE,TRUE,FALSE,TRUE,2
77,77,77,male,1,500k+,4,TRUE,77,FALSE,TRUE,FALSE,FALSE,FALSE,FALSE,77,FALSE,TRUE,Neutr,FALSE,FALSE,FALSE,FALSE,TRUE,FALSE,FALSE,FALSE,FALSE,FALSE,TRUE,TRUE,FALSE,FALSE,TRUE,FALSE,FALSE,TRUE,FALSE,FALSE,1
78,78,78,other,0,500k+,2,TRUE,78,FALSE,FALSE,FALSE,FALSE,FALSE,TRUE,78,FALSE,TRUE,Negat,FALSE,TRUE,FALSE,FALSE,TRUE,TRUE,TRUE,FALSE,TRUE,TRUE,TRUE,FALSE,FALSE,TRUE,TRUE,FALSE,FALSE,TRUE,FALSE,IDK,2
79,79,79,male,0,500k+,2,TRUE,79,FALSE,TRUE,FALSE,FALSE,FALSE,FALSE,79,FALSE,TRUE,Neutr,FALSE,FALSE,FALSE,FALSE,TRUE,TRUE,FALSE,FALSE,TRUE,TRUE,TRUE,TRUE,FALSE,TRUE,TRUE,TRUE,FALSE,FALSE,FALSE,IDK,2
80,80,80,male,0,500k+,2,TRUE,80,FALSE,TRUE,FALSE,FALSE,FALSE,FALSE,80,FALSE,TRUE,Neutr,FALSE,FALSE,FALSE,FALSE,TRUE,TRUE,FALSE,FALSE,TRUE,TRUE,TRUE,TRUE,FALSE,TRUE,TRUE,TRUE,FALSE,FALSE,FALSE,IDK,2
81,81,81,male,1,500k+,2,TRUE,81,TRUE,FALSE,FALSE,FALSE,FALSE,FALSE,81,FALSE,TRUE,Negat,TRUE,TRUE,FALSE,FALSE,FALSE,FALSE,FALSE,FALSE,TRUE,TRUE,TRUE,FALSE,FALSE,TRUE,FALSE,TRUE,FALSE,TRUE,FALSE,TRUE,0
82,82,82,female,0,500k+,2,TRUE,82,FALSE,TRUE,FALSE,FALSE,FALSE,FALSE,82,TRUE,TRUE,Neutr,FALSE,FALSE,FALSE,FALSE,TRUE,TRUE,TRUE,FALSE,FALSE,FALSE,TRUE,FALSE,FALSE,FALSE,TRUE,TRUE,FALSE,TRUE,FALSE,TRUE,1
83,83,83,female,1,0,4,TRUE,83,FALSE,TRUE,FALSE,TRUE,FALSE,FALSE,83,FALSE,FALSE,Neutr,FALSE,FALSE,FALSE,FALSE,TRUE,FALSE,FALSE,IDK,FALSE,FALSE,TRUE,FALSE,FALSE,FALSE,FALSE,FALSE,FALSE,FALSE,FALSE,TRUE,3
84,84,84,male,1,50-100k,4,TRUE,84,FALSE,FALSE,FALSE,TRUE,TRUE,FALSE,84,FALSE,TRUE,Neutr,FALSE,FALSE,FALSE,FALSE,TRUE,FALSE,FALSE,FALSE,TRUE,TRUE,TRUE,TRUE,FALSE,FALSE,FALSE,FALSE,FALSE,TRUE,FALSE,FALSE,1
85,85,85,male,1,0,4,TRUE,85,FALSE,TRUE,FALSE,TRUE,FALSE,TRUE,85,TRUE,TRUE,Neutr,FALSE,TRUE,FALSE,FALSE,TRUE,TRUE,TRUE,IDK,TRUE,TRUE,TRUE,TRUE,TRUE,FALSE,TRUE,TRUE,FALSE,FALSE,FALSE,TRUE,3
86,86,86,male,0,500k+,0,TRUE,86,TRUE,TRUE,FALSE,TRUE,TRUE,FALSE,86,FALSE,TRUE,Neutr,FALSE,TRUE,FALSE,TRUE,FALSE,FALSE,TRUE,FALSE,TRUE,TRUE,TRUE,TRUE,FALSE,TRUE,FALSE,TRUE,FALSE,TRUE,FALSE,IDK,3
87,87,87,male,0,500k+,0,TRUE,87,TRUE,TRUE,FALSE,TRUE,TRUE,FALSE,87,FALSE,TRUE,Neutr,FALSE,TRUE,FALSE,TRUE,FALSE,FALSE,TRUE,FALSE,TRUE,TRUE,TRUE,TRUE,FALSE,TRUE,FALSE,TRUE,FALSE,TRUE,FALSE,IDK,3
88,88,88,female,1,500k+,2,TRUE,88,TRUE,TRUE,FALSE,FALSE,FALSE,FALSE,88,FALSE,TRUE,Neutr,FALSE,TRUE,FALSE,FALSE,TRUE,TRUE,FALSE,IDK,TRUE,TRUE,TRUE,FALSE,FALSE,FALSE,FALSE,FALSE,TRUE,TRUE,FALSE,TRUE,3
89,89,89,female,0,500k+,0,TRUE,89,TRUE,FALSE,FALSE,TRUE,TRUE,FALSE,89,FALSE,TRUE,Pozyt,TRUE,FALSE,FALSE,FALSE,TRUE,FALSE,TRUE,TRUE,FALSE,TRUE,TRUE,FALSE,FALSE,FALSE,FALSE,TRUE,TRUE,FALSE,TRUE,IDK,0
90,90,90,female,1,500k+,4,TRUE,90,FALSE,TRUE,FALSE,FALSE,FALSE,FALSE,90,TRUE,TRUE,Pozyt,FALSE,TRUE,TRUE,FALSE,TRUE,TRUE,FALSE,TRUE,FALSE,FALSE,TRUE,FALSE,FALSE,FALSE,TRUE,TRUE,FALSE,TRUE,FALSE,TRUE,3
91,91,91,male,1,500k+,4,TRUE,91,FALSE,TRUE,TRUE,TRUE,FALSE,FALSE,91,TRUE,TRUE,Neutr,FALSE,FALSE,TRUE,FALSE,TRUE,FALSE,TRUE,TRUE,TRUE,TRUE,TRUE,FALSE,FALSE,FALSE,FALSE,FALSE,FALSE,TRUE,FALSE,IDK,3
92,92,92,female,1,100-500k,4,TRUE,92,FALSE,FALSE,FALSE,TRUE,FALSE,TRUE,92,FALSE,TRUE,Neutr,TRUE,TRUE,TRUE,FALSE,TRUE,TRUE,TRUE,IDK,FALSE,FALSE,TRUE,TRUE,FALSE,TRUE,TRUE,TRUE,FALSE,TRUE,FALSE,FALSE,1
93,93,93,female,1,100-500k,4,TRUE,93,FALSE,FALSE,FALSE,TRUE,FALSE,TRUE,93,FALSE,TRUE,Neutr,TRUE,TRUE,TRUE,FALSE,TRUE,TRUE,TRUE,IDK,FALSE,FALSE,TRUE,TRUE,FALSE,TRUE,TRUE,TRUE,FALSE,TRUE,FALSE,FALSE,1
94,94,94,female,1,500k+,4,TRUE,94,FALSE,TRUE,FALSE,TRUE,FALSE,TRUE,94,TRUE,TRUE,Neutr,FALSE,TRUE,FALSE,FALSE,FALSE,TRUE,TRUE,TRUE,FALSE,FALSE,TRUE,FALSE,FALSE,TRUE,TRUE,FALSE,FALSE,TRUE,FALSE,IDK,2
95,95,95,female,1,500k+,2,TRUE,95,FALSE,TRUE,TRUE,TRUE,TRUE,FALSE,95,FALSE,TRUE,Neutr,FALSE,FALSE,TRUE,FALSE,TRUE,TRUE,TRUE,TRUE,FALSE,TRUE,TRUE,FALSE,FALSE,FALSE,FALSE,FALSE,FALSE,TRUE,FALSE,TRUE,3
96,96,96,female,1,500k+,5,TRUE,96,FALSE,TRUE,FALSE,FALSE,FALSE,TRUE,96,TRUE,TRUE,Pozyt,FALSE,TRUE,FALSE,FALSE,TRUE,TRUE,TRUE,TRUE,FALSE,TRUE,TRUE,TRUE,TRUE,TRUE,TRUE,FALSE,FALSE,TRUE,FALSE,TRUE,2
97,97,97,male,1,100-500k,3,TRUE,97,FALSE,TRUE,FALSE,FALSE,FALSE,FALSE,97,TRUE,TRUE,Pozyt,FALSE,FALSE,FALSE,FALSE,TRUE,TRUE,FALSE,FALSE,TRUE,TRUE,TRUE,TRUE,FALSE,FALSE,FALSE,FALSE,FALSE,TRUE,FALSE,IDK,3
98,98,98,male,1,500k+,5,TRUE,98,FALSE,FALSE,TRUE,TRUE,TRUE,FALSE,98,TRUE,TRUE,Neutr,FALSE,FALSE,FALSE,TRUE,TRUE,TRUE,TRUE,FALSE,TRUE,TRUE,TRUE,TRUE,TRUE,FALSE,TRUE,TRUE,FALSE,TRUE,FALSE,TRUE,1
99,99,99,female,1,0-50k,2,TRUE,99,TRUE,TRUE,FALSE,FALSE,FALSE,FALSE,99,FALSE,FALSE,Neutr,FALSE,FALSE,FALSE,FALSE,TRUE,TRUE,TRUE,FALSE,TRUE,FALSE,TRUE,FALSE,FALSE,FALSE,FALSE,FALSE,FALSE,FALSE,TRUE,IDK,0
100,100,100,male,1,500k+,4,TRUE,100,FALSE,FALSE,FALSE,TRUE,FALSE,FALSE,100,TRUE,TRUE,Negat,FALSE,TRUE,FALSE,FALSE,TRUE,TRUE,FALSE,FALSE,TRUE,TRUE,TRUE,FALSE,FALSE,TRUE,FALSE,FALSE,TRUE,FALSE,FALSE,IDK,1
101,101,101,male,1,0-50k,4,TRUE,101,FALSE,TRUE,FALSE,FALSE,FALSE,FALSE,101,TRUE,TRUE,Neutr,TRUE,FALSE,FALSE,FALSE,TRUE,FALSE,FALSE,IDK,FALSE,FALSE,TRUE,FALSE,FALSE,FALSE,FALSE,FALSE,FALSE,TRUE,FALSE,IDK,3
102,102,102,female,1,50-100k,5,TRUE,102,TRUE,TRUE,TRUE,TRUE,FALSE,TRUE,102,TRUE,TRUE,Neutr,TRUE,TRUE,FALSE,TRUE,TRUE,TRUE,TRUE,IDK,TRUE,TRUE,TRUE,TRUE,FALSE,FALSE,TRUE,TRUE,FALSE,TRUE,FALSE,IDK,2
103,103,103,female,1,500k+,4,TRUE,103,FALSE,TRUE,FALSE,FALSE,FALSE,FALSE,103,TRUE,TRUE,Neutr,FALSE,TRUE,TRUE,FALSE,FALSE,TRUE,FALSE,FALSE,FALSE,TRUE,TRUE,FALSE,FALSE,FALSE,TRUE,TRUE,FALSE,FALSE,FALSE,FALSE,2
104,104,104,female,1,500k+,4,TRUE,104,FALSE,TRUE,FALSE,FALSE,FALSE,FALSE,104,TRUE,TRUE,Neutr,FALSE,FALSE,FALSE,FALSE,TRUE,TRUE,TRUE,IDK,FALSE,FALSE,TRUE,FALSE,FALSE,FALSE,FALSE,FALSE,TRUE,FALSE,TRUE,IDK,1
105,105,105,male,1,0,4,TRUE,105,FALSE,TRUE,FALSE,FALSE,FALSE,TRUE,105,FALSE,TRUE,Neutr,FALSE,TRUE,FALSE,FALSE,TRUE,TRUE,FALSE,IDK,TRUE,TRUE,TRUE,FALSE,TRUE,FALSE,TRUE,FALSE,FALSE,TRUE,FALSE,IDK,0
106,106,106,male,1,500k+,4,TRUE,106,FALSE,TRUE,TRUE,TRUE,FALSE,FALSE,106,TRUE,TRUE,Pozyt,FALSE,FALSE,FALSE,FALSE,TRUE,TRUE,TRUE,IDK,FALSE,TRUE,TRUE,TRUE,FALSE,FALSE,TRUE,FALSE,TRUE,TRUE,FALSE,IDK,2
107,107,107,female,1,500k+,2,TRUE,107,FALSE,TRUE,FALSE,FALSE,FALSE,FALSE,107,FALSE,TRUE,Pozyt,FALSE,FALSE,FALSE,TRUE,TRUE,FALSE,TRUE,TRUE,FALSE,FALSE,TRUE,FALSE,TRUE,FALSE,FALSE,FALSE,FALSE,TRUE,FALSE,TRUE,3
108,108,108,male,1,500k+,4,TRUE,108,TRUE,TRUE,FALSE,FALSE,FALSE,FALSE,108,TRUE,FALSE,Negat,FALSE,TRUE,FALSE,FALSE,TRUE,FALSE,FALSE,IDK,TRUE,FALSE,TRUE,FALSE,FALSE,FALSE,TRUE,FALSE,FALSE,FALSE,TRUE,IDK,1
109,109,109,male,1,500k+,5,TRUE,109,FALSE,TRUE,TRUE,TRUE,TRUE,FALSE,109,TRUE,TRUE,Pozyt,TRUE,TRUE,TRUE,TRUE,TRUE,TRUE,TRUE,TRUE,FALSE,FALSE,TRUE,TRUE,FALSE,FALSE,TRUE,TRUE,FALSE,FALSE,FALSE,TRUE,3
110,110,110,male,1,0-50k,1,TRUE,110,FALSE,TRUE,FALSE,FALSE,FALSE,FALSE,110,FALSE,TRUE,Neutr,FALSE,FALSE,FALSE,FALSE,FALSE,FALSE,TRUE,IDK,FALSE,FALSE,TRUE,FALSE,TRUE,TRUE,TRUE,FALSE,FALSE,TRUE,TRUE,IDK,3
111,111,111,male,1,500k+,4,TRUE,111,FALSE,TRUE,TRUE,FALSE,FALSE,FALSE,111,FALSE,TRUE,Neutr,FALSE,TRUE,TRUE,TRUE,TRUE,TRUE,TRUE,IDK,FALSE,FALSE,TRUE,FALSE,FALSE,FALSE,FALSE,FALSE,FALSE,TRUE,FALSE,TRUE,3
112,112,112,male,1,50-100k,2,TRUE,112,FALSE,TRUE,FALSE,TRUE,TRUE,TRUE,112,TRUE,TRUE,Neutr,FALSE,TRUE,FALSE,FALSE,TRUE,TRUE,FALSE,FALSE,FALSE,FALSE,TRUE,TRUE,FALSE,FALSE,TRUE,TRUE,FALSE,TRUE,FALSE,TRUE,2
